datetime,cpu,mem
Wed Oct 26 01:58:12 GMT 2022,52,1359975
Wed Oct 26 01:58:13 GMT 2022,5.3,1363315
Wed Oct 26 01:58:14 GMT 2022,5.3,1372416
Wed Oct 26 01:58:16 GMT 2022,5.3,1377599
Wed Oct 26 01:58:17 GMT 2022,5.3,1379135
Wed Oct 26 01:58:18 GMT 2022,43,1375811
Wed Oct 26 01:58:20 GMT 2022,43,1367967
Wed Oct 26 01:58:21 GMT 2022,43,1368087
Wed Oct 26 01:58:22 GMT 2022,43,1369805
Wed Oct 26 01:58:24 GMT 2022,40,1348671
Wed Oct 26 01:58:25 GMT 2022,40,1348919
Wed Oct 26 01:58:27 GMT 2022,40,1348383
Wed Oct 26 01:58:28 GMT 2022,40,1348984
Wed Oct 26 01:58:29 GMT 2022,37,1347619
Wed Oct 26 01:58:31 GMT 2022,37,1347711
Wed Oct 26 01:58:32 GMT 2022,37,1347787
Wed Oct 26 01:58:34 GMT 2022,37,1348856
Wed Oct 26 01:58:35 GMT 2022,36,1347499
Wed Oct 26 01:58:36 GMT 2022,36,1347547
Wed Oct 26 01:58:38 GMT 2022,36,1348192
Wed Oct 26 01:58:39 GMT 2022,36,1349605
Wed Oct 26 01:58:41 GMT 2022,37,1348168
Wed Oct 26 01:58:42 GMT 2022,37,1348256
Wed Oct 26 01:58:44 GMT 2022,37,1348436
Wed Oct 26 01:58:45 GMT 2022,37,1389330
Wed Oct 26 01:58:47 GMT 2022,0,1420640
Wed Oct 26 01:58:49 GMT 2022,0,1425836
Wed Oct 26 01:58:50 GMT 2022,0,1424269
Wed Oct 26 01:58:52 GMT 2022,30,1428824
Wed Oct 26 01:58:53 GMT 2022,30,1391644
Wed Oct 26 01:58:55 GMT 2022,30,1399188
Wed Oct 26 01:58:56 GMT 2022,30,1407113
Wed Oct 26 01:58:58 GMT 2022,27,1412228
Wed Oct 26 01:59:00 GMT 2022,27,1376456
Wed Oct 26 01:59:01 GMT 2022,27,1376612
Wed Oct 26 01:59:03 GMT 2022,27,1378209
Wed Oct 26 01:59:04 GMT 2022,0,1376634
Wed Oct 26 01:59:06 GMT 2022,0,1376816
Wed Oct 26 01:59:07 GMT 2022,0,1376696
Wed Oct 26 01:59:08 GMT 2022,0,1390917
Wed Oct 26 01:59:09 GMT 2022,18,1397116
Wed Oct 26 01:59:11 GMT 2022,18,1421016
Wed Oct 26 01:59:12 GMT 2022,18,1420652
Wed Oct 26 01:59:13 GMT 2022,18,1436425
Wed Oct 26 01:59:15 GMT 2022,0,1436364
Wed Oct 26 01:59:17 GMT 2022,0,1436616
Wed Oct 26 01:59:18 GMT 2022,0,1436336
Wed Oct 26 01:59:19 GMT 2022,0,1401413
Wed Oct 26 01:59:21 GMT 2022,0,1399924
Wed Oct 26 01:59:22 GMT 2022,0,1399980
Wed Oct 26 01:59:23 GMT 2022,0,1392372
Wed Oct 26 01:59:25 GMT 2022,0,1390005
Wed Oct 26 01:59:26 GMT 2022,13,1388520
Wed Oct 26 01:59:28 GMT 2022,13,1378576
Wed Oct 26 01:59:29 GMT 2022,13,1378644
Wed Oct 26 01:59:30 GMT 2022,13,1380169
Wed Oct 26 01:59:32 GMT 2022,13,1378676
Wed Oct 26 01:59:33 GMT 2022,13,1378900
Wed Oct 26 01:59:34 GMT 2022,13,1378444
Wed Oct 26 01:59:36 GMT 2022,13,1380241
Wed Oct 26 01:59:37 GMT 2022,13,1378776
Wed Oct 26 01:59:39 GMT 2022,13,1378948
Wed Oct 26 01:59:40 GMT 2022,13,1379164
Wed Oct 26 01:59:41 GMT 2022,13,1381161
Wed Oct 26 01:59:43 GMT 2022,13,1379868
Wed Oct 26 01:59:44 GMT 2022,13,1378704
Wed Oct 26 01:59:45 GMT 2022,13,1378692
Wed Oct 26 01:59:47 GMT 2022,13,1376185
Wed Oct 26 01:59:48 GMT 2022,13,1374968
Wed Oct 26 01:59:50 GMT 2022,13,1374348
Wed Oct 26 01:59:51 GMT 2022,13,1374468
Wed Oct 26 01:59:52 GMT 2022,13,1372305
Wed Oct 26 01:59:54 GMT 2022,13,1371056
Wed Oct 26 01:59:55 GMT 2022,13,1371004
Wed Oct 26 01:59:56 GMT 2022,13,1370928
Wed Oct 26 01:59:58 GMT 2022,13,1372493
Wed Oct 26 01:59:59 GMT 2022,12,1371048
Wed Oct 26 02:00:01 GMT 2022,12,1371156
Wed Oct 26 02:00:02 GMT 2022,12,1371452
Wed Oct 26 02:00:03 GMT 2022,12,1373029
Wed Oct 26 02:00:05 GMT 2022,13,1371580
Wed Oct 26 02:00:06 GMT 2022,13,1371528
Wed Oct 26 02:00:08 GMT 2022,13,1371624
Wed Oct 26 02:00:09 GMT 2022,13,1373329
Wed Oct 26 02:00:10 GMT 2022,13,1371744
Wed Oct 26 02:00:12 GMT 2022,13,1371732
Wed Oct 26 02:00:13 GMT 2022,13,1371956
Wed Oct 26 02:00:14 GMT 2022,13,1373525
Wed Oct 26 02:00:16 GMT 2022,12,1371936
Wed Oct 26 02:00:17 GMT 2022,12,1371920
Wed Oct 26 02:00:19 GMT 2022,12,1372156
Wed Oct 26 02:00:20 GMT 2022,12,1373625
Wed Oct 26 02:00:21 GMT 2022,12,1372396
Wed Oct 26 02:00:23 GMT 2022,12,1372456
Wed Oct 26 02:00:24 GMT 2022,12,1372388
Wed Oct 26 02:00:26 GMT 2022,12,1374069
Wed Oct 26 02:00:27 GMT 2022,13,1372412
Wed Oct 26 02:00:29 GMT 2022,13,1371972
Wed Oct 26 02:00:30 GMT 2022,13,1372100
Wed Oct 26 02:00:31 GMT 2022,13,1373709
Wed Oct 26 02:00:33 GMT 2022,13,1372068
Wed Oct 26 02:00:34 GMT 2022,13,1372328
Wed Oct 26 02:00:36 GMT 2022,13,1372400
Wed Oct 26 02:00:37 GMT 2022,13,1373961
Wed Oct 26 02:00:38 GMT 2022,15,1371876
Wed Oct 26 02:00:40 GMT 2022,15,1371976
Wed Oct 26 02:00:41 GMT 2022,15,1372092
Wed Oct 26 02:00:42 GMT 2022,15,1373865
Wed Oct 26 02:00:44 GMT 2022,13,1372352
Wed Oct 26 02:00:45 GMT 2022,13,1372492
Wed Oct 26 02:00:47 GMT 2022,13,1372368
Wed Oct 26 02:00:48 GMT 2022,13,1374225
Wed Oct 26 02:00:49 GMT 2022,12,1372620
Wed Oct 26 02:00:51 GMT 2022,12,1372668
Wed Oct 26 02:00:52 GMT 2022,12,1372652
Wed Oct 26 02:00:54 GMT 2022,12,1374245
Wed Oct 26 02:00:55 GMT 2022,12,1372684
Wed Oct 26 02:00:56 GMT 2022,12,1372724
Wed Oct 26 02:00:58 GMT 2022,12,1372688
Wed Oct 26 02:00:59 GMT 2022,12,1374369
Wed Oct 26 02:01:01 GMT 2022,13,1373012
Wed Oct 26 02:01:02 GMT 2022,13,1373268
Wed Oct 26 02:01:03 GMT 2022,13,1373368
Wed Oct 26 02:01:05 GMT 2022,13,1375001
Wed Oct 26 02:01:06 GMT 2022,12,1373676
Wed Oct 26 02:01:07 GMT 2022,12,1373720
Wed Oct 26 02:01:09 GMT 2022,12,1373796
Wed Oct 26 02:01:10 GMT 2022,12,1375425
Wed Oct 26 02:01:12 GMT 2022,13,1374108
Wed Oct 26 02:01:13 GMT 2022,13,1374232
Wed Oct 26 02:01:14 GMT 2022,13,1374288
Wed Oct 26 02:01:16 GMT 2022,13,1375985
Wed Oct 26 02:01:17 GMT 2022,12,1374464
Wed Oct 26 02:01:19 GMT 2022,12,1374724
Wed Oct 26 02:01:20 GMT 2022,12,1374844
Wed Oct 26 02:01:21 GMT 2022,12,1373561
Wed Oct 26 02:01:23 GMT 2022,13,1372272
Wed Oct 26 02:01:24 GMT 2022,13,1372232
Wed Oct 26 02:01:26 GMT 2022,13,1369000
Wed Oct 26 02:01:27 GMT 2022,13,1370657
Wed Oct 26 02:01:28 GMT 2022,12,1369132
Wed Oct 26 02:01:30 GMT 2022,12,1369152
Wed Oct 26 02:01:31 GMT 2022,12,1369272
Wed Oct 26 02:01:33 GMT 2022,12,1370853
Wed Oct 26 02:01:34 GMT 2022,12,1369380
Wed Oct 26 02:01:35 GMT 2022,12,1369428
Wed Oct 26 02:01:37 GMT 2022,12,1369476
Wed Oct 26 02:01:38 GMT 2022,12,1371377
Wed Oct 26 02:01:39 GMT 2022,13,1369580
Wed Oct 26 02:01:41 GMT 2022,13,1369500
Wed Oct 26 02:01:42 GMT 2022,13,1369856
Wed Oct 26 02:01:44 GMT 2022,13,1371541
Wed Oct 26 02:01:45 GMT 2022,12,1369988
Wed Oct 26 02:01:46 GMT 2022,12,1370012
Wed Oct 26 02:01:48 GMT 2022,12,1370240
Wed Oct 26 02:01:49 GMT 2022,12,1371765
Wed Oct 26 02:01:50 GMT 2022,12,1370212
Wed Oct 26 02:01:52 GMT 2022,12,1370244
Wed Oct 26 02:01:53 GMT 2022,12,1370388
Wed Oct 26 02:01:55 GMT 2022,12,1371873
Wed Oct 26 02:01:56 GMT 2022,12,1370572
Wed Oct 26 02:01:57 GMT 2022,12,1370636
Wed Oct 26 02:01:59 GMT 2022,12,1370656
Wed Oct 26 02:02:00 GMT 2022,12,1372261
Wed Oct 26 02:02:01 GMT 2022,13,1370924
Wed Oct 26 02:02:03 GMT 2022,13,1371080
Wed Oct 26 02:02:04 GMT 2022,13,1371244
Wed Oct 26 02:02:05 GMT 2022,13,1372577
Wed Oct 26 02:02:07 GMT 2022,13,1371228
Wed Oct 26 02:02:08 GMT 2022,13,1371528
Wed Oct 26 02:02:10 GMT 2022,13,1371504
Wed Oct 26 02:02:11 GMT 2022,13,1373029
Wed Oct 26 02:02:13 GMT 2022,13,1371620
Wed Oct 26 02:02:14 GMT 2022,13,1371676
Wed Oct 26 02:02:15 GMT 2022,13,1371744
Wed Oct 26 02:02:17 GMT 2022,13,1373201
Wed Oct 26 02:02:18 GMT 2022,13,1371912
Wed Oct 26 02:02:19 GMT 2022,13,1371856
Wed Oct 26 02:02:21 GMT 2022,13,1371900
Wed Oct 26 02:02:22 GMT 2022,13,1373433
Wed Oct 26 02:02:23 GMT 2022,12,1372184
Wed Oct 26 02:02:25 GMT 2022,12,1372196
Wed Oct 26 02:02:26 GMT 2022,12,1372236
Wed Oct 26 02:02:28 GMT 2022,12,1373901
Wed Oct 26 02:02:29 GMT 2022,12,1372320
Wed Oct 26 02:02:30 GMT 2022,12,1372404
Wed Oct 26 02:02:32 GMT 2022,12,1372356
Wed Oct 26 02:02:33 GMT 2022,12,1374177
Wed Oct 26 02:02:34 GMT 2022,12,1372592
Wed Oct 26 02:02:36 GMT 2022,12,1372516
Wed Oct 26 02:02:37 GMT 2022,12,1372724
Wed Oct 26 02:02:39 GMT 2022,12,1374313
Wed Oct 26 02:02:40 GMT 2022,13,1372944
Wed Oct 26 02:02:41 GMT 2022,13,1373196
Wed Oct 26 02:02:43 GMT 2022,13,1373308
Wed Oct 26 02:02:44 GMT 2022,13,1374893
Wed Oct 26 02:02:45 GMT 2022,12,1373560
Wed Oct 26 02:02:47 GMT 2022,12,1373812
Wed Oct 26 02:02:48 GMT 2022,12,1374100
Wed Oct 26 02:02:50 GMT 2022,12,1375405
Wed Oct 26 02:02:51 GMT 2022,12,1374024
Wed Oct 26 02:02:52 GMT 2022,12,1374084
Wed Oct 26 02:02:54 GMT 2022,12,1374348
Wed Oct 26 02:02:55 GMT 2022,12,1376017
Wed Oct 26 02:02:57 GMT 2022,12,1371900
Wed Oct 26 02:02:58 GMT 2022,12,1371836
Wed Oct 26 02:02:59 GMT 2022,12,1372064
Wed Oct 26 02:03:01 GMT 2022,12,1370173
Wed Oct 26 02:03:02 GMT 2022,13,1368844
Wed Oct 26 02:03:03 GMT 2022,13,1368972
Wed Oct 26 02:03:05 GMT 2022,13,1369048
Wed Oct 26 02:03:06 GMT 2022,13,1370585
Wed Oct 26 02:03:08 GMT 2022,12,1369088
Wed Oct 26 02:03:09 GMT 2022,12,1369372
Wed Oct 26 02:03:10 GMT 2022,12,1369260
Wed Oct 26 02:03:12 GMT 2022,12,1370809
Wed Oct 26 02:03:13 GMT 2022,13,1369400
Wed Oct 26 02:03:15 GMT 2022,13,1367660
Wed Oct 26 02:03:16 GMT 2022,13,1367732
Wed Oct 26 02:03:17 GMT 2022,13,1369257
Wed Oct 26 02:03:19 GMT 2022,13,1367848
Wed Oct 26 02:03:20 GMT 2022,13,1367992
Wed Oct 26 02:03:21 GMT 2022,13,1365522
Wed Oct 26 02:03:23 GMT 2022,13,1369589
Wed Oct 26 02:03:24 GMT 2022,13,1368192
Wed Oct 26 02:03:26 GMT 2022,13,1368248
Wed Oct 26 02:03:27 GMT 2022,13,1368308
Wed Oct 26 02:03:28 GMT 2022,13,1369825
Wed Oct 26 02:03:30 GMT 2022,13,1368492
Wed Oct 26 02:03:31 GMT 2022,13,1368480
Wed Oct 26 02:03:33 GMT 2022,13,1368608
Wed Oct 26 02:03:34 GMT 2022,13,1370125
Wed Oct 26 02:03:35 GMT 2022,12,1368820
Wed Oct 26 02:03:37 GMT 2022,12,1368772
Wed Oct 26 02:03:38 GMT 2022,12,1368932
Wed Oct 26 02:03:39 GMT 2022,12,1370649
Wed Oct 26 02:03:41 GMT 2022,12,1369216
Wed Oct 26 02:03:42 GMT 2022,12,1369264
Wed Oct 26 02:03:44 GMT 2022,12,1369352
Wed Oct 26 02:03:45 GMT 2022,12,1370969
Wed Oct 26 02:03:46 GMT 2022,13,1369168
Wed Oct 26 02:03:48 GMT 2022,13,1369200
Wed Oct 26 02:03:49 GMT 2022,13,1369316
Wed Oct 26 02:03:50 GMT 2022,13,1370905
Wed Oct 26 02:03:52 GMT 2022,12,1369408
Wed Oct 26 02:03:53 GMT 2022,12,1369568
Wed Oct 26 02:03:55 GMT 2022,12,1369456
Wed Oct 26 02:03:56 GMT 2022,12,1371133
Wed Oct 26 02:03:57 GMT 2022,12,1369736
Wed Oct 26 02:03:59 GMT 2022,12,1369768
Wed Oct 26 02:04:00 GMT 2022,12,1369772
Wed Oct 26 02:04:02 GMT 2022,12,1371469
Wed Oct 26 02:04:03 GMT 2022,12,1370112
Wed Oct 26 02:04:04 GMT 2022,12,1370196
Wed Oct 26 02:04:06 GMT 2022,12,1370300
Wed Oct 26 02:04:07 GMT 2022,12,1371809
Wed Oct 26 02:04:08 GMT 2022,13,1370476
Wed Oct 26 02:04:10 GMT 2022,13,1370580
Wed Oct 26 02:04:11 GMT 2022,13,1370564
Wed Oct 26 02:04:13 GMT 2022,13,1372053
Wed Oct 26 02:04:14 GMT 2022,14,1370200
Wed Oct 26 02:04:15 GMT 2022,14,1370352
Wed Oct 26 02:04:17 GMT 2022,14,1370240
Wed Oct 26 02:04:18 GMT 2022,14,1372009
Wed Oct 26 02:04:20 GMT 2022,12,1370520
Wed Oct 26 02:04:21 GMT 2022,12,1370712
Wed Oct 26 02:04:22 GMT 2022,12,1370940
Wed Oct 26 02:04:24 GMT 2022,12,1372521
Wed Oct 26 02:04:25 GMT 2022,12,1371208
Wed Oct 26 02:04:26 GMT 2022,12,1371092
Wed Oct 26 02:04:28 GMT 2022,12,1371124
Wed Oct 26 02:04:29 GMT 2022,12,1373021
Wed Oct 26 02:04:30 GMT 2022,12,1369124
Wed Oct 26 02:04:32 GMT 2022,12,1369020
Wed Oct 26 02:04:33 GMT 2022,12,1369096
Wed Oct 26 02:04:35 GMT 2022,12,1367457
Wed Oct 26 02:04:36 GMT 2022,12,1366140
Wed Oct 26 02:04:37 GMT 2022,12,1366220
Wed Oct 26 02:04:39 GMT 2022,12,1366164
Wed Oct 26 02:04:40 GMT 2022,12,1367941
Wed Oct 26 02:04:42 GMT 2022,13,1366676
Wed Oct 26 02:04:43 GMT 2022,13,1366772
Wed Oct 26 02:04:44 GMT 2022,13,1366808
Wed Oct 26 02:04:46 GMT 2022,13,1368413
Wed Oct 26 02:04:47 GMT 2022,12,1366892
Wed Oct 26 02:04:49 GMT 2022,12,1366940
Wed Oct 26 02:04:50 GMT 2022,12,1367076
Wed Oct 26 02:04:51 GMT 2022,12,1368625
Wed Oct 26 02:04:53 GMT 2022,12,1367216
Wed Oct 26 02:04:54 GMT 2022,12,1367372
Wed Oct 26 02:04:55 GMT 2022,12,1367372
Wed Oct 26 02:04:57 GMT 2022,12,1369045
Wed Oct 26 02:04:58 GMT 2022,12,1367440
Wed Oct 26 02:05:00 GMT 2022,12,1367732
Wed Oct 26 02:05:01 GMT 2022,12,1367716
Wed Oct 26 02:05:02 GMT 2022,12,1369305
Wed Oct 26 02:05:04 GMT 2022,13,1367896
Wed Oct 26 02:05:05 GMT 2022,13,1368060
Wed Oct 26 02:05:07 GMT 2022,13,1368032
Wed Oct 26 02:05:08 GMT 2022,13,1369889
Wed Oct 26 02:05:09 GMT 2022,13,1368264
Wed Oct 26 02:05:11 GMT 2022,13,1368420
Wed Oct 26 02:05:12 GMT 2022,13,1368504
Wed Oct 26 02:05:13 GMT 2022,13,1370161
Wed Oct 26 02:05:15 GMT 2022,12,1368644
Wed Oct 26 02:05:16 GMT 2022,12,1368580
Wed Oct 26 02:05:18 GMT 2022,12,1368608
Wed Oct 26 02:05:19 GMT 2022,12,1370221
Wed Oct 26 02:05:20 GMT 2022,12,1368984
Wed Oct 26 02:05:22 GMT 2022,12,1369080
Wed Oct 26 02:05:23 GMT 2022,12,1369268
Wed Oct 26 02:05:24 GMT 2022,12,1370565
Wed Oct 26 02:05:26 GMT 2022,12,1369236
Wed Oct 26 02:05:27 GMT 2022,12,1369344
Wed Oct 26 02:05:29 GMT 2022,12,1369388
Wed Oct 26 02:05:30 GMT 2022,12,1371005
Wed Oct 26 02:05:31 GMT 2022,12,1369540
Wed Oct 26 02:05:33 GMT 2022,12,1369660
Wed Oct 26 02:05:34 GMT 2022,12,1369860
Wed Oct 26 02:05:36 GMT 2022,12,1371489
Wed Oct 26 02:05:37 GMT 2022,12,1370004
Wed Oct 26 02:05:38 GMT 2022,12,1370104
Wed Oct 26 02:05:40 GMT 2022,12,1370104
Wed Oct 26 02:05:41 GMT 2022,12,1371749
Wed Oct 26 02:05:43 GMT 2022,12,1370200
Wed Oct 26 02:05:44 GMT 2022,12,1370276
Wed Oct 26 02:05:45 GMT 2022,12,1370592
Wed Oct 26 02:05:47 GMT 2022,12,1372073
Wed Oct 26 02:05:48 GMT 2022,12,1370620
Wed Oct 26 02:05:49 GMT 2022,12,1371048
Wed Oct 26 02:05:51 GMT 2022,12,1371128
Wed Oct 26 02:05:52 GMT 2022,12,1372601
Wed Oct 26 02:05:54 GMT 2022,12,1371228
Wed Oct 26 02:05:55 GMT 2022,12,1371416
Wed Oct 26 02:05:56 GMT 2022,12,1371576
Wed Oct 26 02:05:58 GMT 2022,12,1373165
Wed Oct 26 02:05:59 GMT 2022,12,1371696
Wed Oct 26 02:06:01 GMT 2022,12,1371920
Wed Oct 26 02:06:02 GMT 2022,12,1369624
Wed Oct 26 02:06:03 GMT 2022,12,1371101
Wed Oct 26 02:06:05 GMT 2022,13,1369724
Wed Oct 26 02:06:06 GMT 2022,13,1369636
Wed Oct 26 02:06:07 GMT 2022,13,1366456
Wed Oct 26 02:06:09 GMT 2022,13,1368209
Wed Oct 26 02:06:10 GMT 2022,12,1366736
Wed Oct 26 02:06:12 GMT 2022,12,1366816
Wed Oct 26 02:06:13 GMT 2022,12,1367012
Wed Oct 26 02:06:14 GMT 2022,12,1368481
Wed Oct 26 02:06:16 GMT 2022,12,1367192
Wed Oct 26 02:06:17 GMT 2022,12,1367136
Wed Oct 26 02:06:19 GMT 2022,12,1367352
Wed Oct 26 02:06:20 GMT 2022,12,1368901
Wed Oct 26 02:06:21 GMT 2022,12,1367516
Wed Oct 26 02:06:23 GMT 2022,12,1367548
Wed Oct 26 02:06:24 GMT 2022,12,1367712
Wed Oct 26 02:06:25 GMT 2022,12,1369253
Wed Oct 26 02:06:27 GMT 2022,12,1367812
Wed Oct 26 02:06:28 GMT 2022,12,1367836
Wed Oct 26 02:06:30 GMT 2022,12,1367932
Wed Oct 26 02:06:31 GMT 2022,12,1369481
Wed Oct 26 02:06:32 GMT 2022,12,1367940
Wed Oct 26 02:06:34 GMT 2022,12,1368036
Wed Oct 26 02:06:35 GMT 2022,12,1368212
Wed Oct 26 02:06:37 GMT 2022,12,1369749
Wed Oct 26 02:06:38 GMT 2022,12,1368352
Wed Oct 26 02:06:39 GMT 2022,12,1368692
Wed Oct 26 02:06:41 GMT 2022,12,1368764
Wed Oct 26 02:06:42 GMT 2022,12,1370257
Wed Oct 26 02:06:44 GMT 2022,13,1368920
Wed Oct 26 02:06:45 GMT 2022,13,1368912
Wed Oct 26 02:06:46 GMT 2022,13,1369028
Wed Oct 26 02:06:48 GMT 2022,13,1370473
Wed Oct 26 02:06:49 GMT 2022,12,1369124
Wed Oct 26 02:06:50 GMT 2022,12,1369296
Wed Oct 26 02:06:52 GMT 2022,12,1369436
Wed Oct 26 02:06:53 GMT 2022,12,1370773
Wed Oct 26 02:06:55 GMT 2022,12,1369496
Wed Oct 26 02:06:56 GMT 2022,12,1369612
Wed Oct 26 02:06:57 GMT 2022,12,1369560
Wed Oct 26 02:06:59 GMT 2022,12,1371225
Wed Oct 26 02:07:00 GMT 2022,13,1369804
Wed Oct 26 02:07:01 GMT 2022,13,1369856
Wed Oct 26 02:07:03 GMT 2022,13,1370096
Wed Oct 26 02:07:04 GMT 2022,13,1371525
Wed Oct 26 02:07:06 GMT 2022,13,1370096
Wed Oct 26 02:07:07 GMT 2022,13,1370156
Wed Oct 26 02:07:08 GMT 2022,13,1370328
Wed Oct 26 02:07:10 GMT 2022,13,1371961
Wed Oct 26 02:07:11 GMT 2022,13,1370548
Wed Oct 26 02:07:12 GMT 2022,13,1370664
Wed Oct 26 02:07:14 GMT 2022,13,1370748
Wed Oct 26 02:07:15 GMT 2022,13,1372257
Wed Oct 26 02:07:17 GMT 2022,12,1370960
Wed Oct 26 02:07:18 GMT 2022,12,1370908
Wed Oct 26 02:07:19 GMT 2022,12,1370976
Wed Oct 26 02:07:21 GMT 2022,12,1372673
Wed Oct 26 02:07:22 GMT 2022,12,1371304
Wed Oct 26 02:07:24 GMT 2022,12,1371424
Wed Oct 26 02:07:25 GMT 2022,12,1371556
Wed Oct 26 02:07:26 GMT 2022,12,1373205
Wed Oct 26 02:07:28 GMT 2022,13,1372008
Wed Oct 26 02:07:29 GMT 2022,13,1371892
Wed Oct 26 02:07:30 GMT 2022,13,1371992
